activity_id,product_id,name,start_at,end_at,exclusive,price,discount,cost,fulfillment,fee_percent
DENSE-0,MUG-01,合成样例 · 上午,2026-10-01T10:00:00+08:00,2026-10-01T11:30:00+08:00,true,100,20,60,10,5
DENSE-1,MUG-01,合成样例 · 上午,2026-10-01T10:00:00+08:00,2026-10-01T11:30:00+08:00,true,100,20,60,10,5
DENSE-2,MUG-01,合成样例 · 上午,2026-10-01T10:00:00+08:00,2026-10-01T11:30:00+08:00,true,100,20,60,10,5
DENSE-3,MUG-01,合成样例 · 上午,2026-10-01T10:00:00+08:00,2026-10-01T11:30:00+08:00,true,100,20,60,10,5
DENSE-4,MUG-01,合成样例 · 上午,2026-10-01T10:00:00+08:00,2026-10-01T11:30:00+08:00,true,100,20,60,10,5
DENSE-5,MUG-01,合成样例 · 上午,2026-10-01T10:00:00+08:00,2026-10-01T11:30:00+08:00,true,100,20,60,10,5
DENSE-6,MUG-01,合成样例 · 上午,2026-10-01T10:00:00+08:00,2026-10-01T11:30:00+08:00,true,100,20,60,10,5
DENSE-7,MUG-01,合成样例 · 上午,2026-10-01T10:00:00+08:00,2026-10-01T11:30:00+08:00,true,100,20,60,10,5
DENSE-8,MUG-01,合成样例 · 上午,2026-10-01T10:00:00+08:00,2026-10-01T11:30:00+08:00,true,100,20,60,10,5
DENSE-9,MUG-01,合成样例 · 上午,2026-10-01T10:00:00+08:00,2026-10-01T11:30:00+08:00,true,100,20,60,10,5
DENSE-10,MUG-01,合成样例 · 上午,2026-10-01T10:00:00+08:00,2026-10-01T11:30:00+08:00,true,100,20,60,10,5
DENSE-11,MUG-01,合成样例 · 上午,2026-10-01T10:00:00+08:00,2026-10-01T11:30:00+08:00,true,100,20,60,10,5
DENSE-12,MUG-01,合成样例 · 上午,2026-10-01T10:00:00+08:00,2026-10-01T11:30:00+08:00,true,100,20,60,10,5
DENSE-13,MUG-01,合成样例 · 上午,2026-10-01T10:00:00+08:00,2026-10-01T11:30:00+08:00,true,100,20,60,10,5
DENSE-14,MUG-01,合成样例 · 上午,2026-10-01T10:00:00+08:00,2026-10-01T11:30:00+08:00,true,100,20,60,10,5
DENSE-15,MUG-01,合成样例 · 上午,2026-10-01T10:00:00+08:00,2026-10-01T11:30:00+08:00,true,100,20,60,10,5
DENSE-16,MUG-01,合成样例 · 上午,2026-10-01T10:00:00+08:00,2026-10-01T11:30:00+08:00,true,100,20,60,10,5
DENSE-17,MUG-01,合成样例 · 上午,2026-10-01T10:00:00+08:00,2026-10-01T11:30:00+08:00,true,100,20,60,10,5
DENSE-18,MUG-01,合成样例 · 上午,2026-10-01T10:00:00+08:00,2026-10-01T11:30:00+08:00,true,100,20,60,10,5
DENSE-19,MUG-01,合成样例 · 上午,2026-10-01T10:00:00+08:00,2026-10-01T11:30:00+08:00,true,100,20,60,10,5
DENSE-20,MUG-01,合成样例 · 上午,2026-10-01T10:00:00+08:00,2026-10-01T11:30:00+08:00,true,100,20,60,10,5
DENSE-21,MUG-01,合成样例 · 上午,2026-10-01T10:00:00+08:00,2026-10-01T11:30:00+08:00,true,100,20,60,10,5
DENSE-22,MUG-01,合成样例 · 上午,2026-10-01T10:00:00+08:00,2026-10-01T11:30:00+08:00,true,100,20,60,10,5
DENSE-23,MUG-01,合成样例 · 上午,2026-10-01T10:00:00+08:00,2026-10-01T11:30:00+08:00,true,100,20,60,10,5
DENSE-24,MUG-01,合成样例 · 上午,2026-10-01T10:00:00+08:00,2026-10-01T11:30:00+08:00,true,100,20,60,10,5
DENSE-25,MUG-01,合成样例 · 上午,2026-10-01T10:00:00+08:00,2026-10-01T11:30:00+08:00,true,100,20,60,10,5
DENSE-26,MUG-01,合成样例 · 上午,2026-10-01T10:00:00+08:00,2026-10-01T11:30:00+08:00,true,100,20,60,10,5
DENSE-27,MUG-01,合成样例 · 上午,2026-10-01T10:00:00+08:00,2026-10-01T11:30:00+08:00,true,100,20,60,10,5
DENSE-28,MUG-01,合成样例 · 上午,2026-10-01T10:00:00+08:00,2026-10-01T11:30:00+08:00,true,100,20,60,10,5
DENSE-29,MUG-01,合成样例 · 上午,2026-10-01T10:00:00+08:00,2026-10-01T11:30:00+08:00,true,100,20,60,10,5
DENSE-30,MUG-01,合成样例 · 上午,2026-10-01T10:00:00+08:00,2026-10-01T11:30:00+08:00,true,100,20,60,10,5
DENSE-31,MUG-01,合成样例 · 上午,2026-10-01T10:00:00+08:00,2026-10-01T11:30:00+08:00,true,100,20,60,10,5
DENSE-32,MUG-01,合成样例 · 上午,2026-10-01T10:00:00+08:00,2026-10-01T11:30:00+08:00,true,100,20,60,10,5
DENSE-33,MUG-01,合成样例 · 上午,2026-10-01T10:00:00+08:00,2026-10-01T11:30:00+08:00,true,100,20,60,10,5
DENSE-34,MUG-01,合成样例 · 上午,2026-10-01T10:00:00+08:00,2026-10-01T11:30:00+08:00,true,100,20,60,10,5
DENSE-35,MUG-01,合成样例 · 上午,2026-10-01T10:00:00+08:00,2026-10-01T11:30:00+08:00,true,100,20,60,10,5
DENSE-36,MUG-01,合成样例 · 上午,2026-10-01T10:00:00+08:00,2026-10-01T11:30:00+08:00,true,100,20,60,10,5
DENSE-37,MUG-01,合成样例 · 上午,2026-10-01T10:00:00+08:00,2026-10-01T11:30:00+08:00,true,100,20,60,10,5
DENSE-38,MUG-01,合成样例 · 上午,2026-10-01T10:00:00+08:00,2026-10-01T11:30:00+08:00,true,100,20,60,10,5
DENSE-39,MUG-01,合成样例 · 上午,2026-10-01T10:00:00+08:00,2026-10-01T11:30:00+08:00,true,100,20,60,10,5
DENSE-40,MUG-01,合成样例 · 上午,2026-10-01T10:00:00+08:00,2026-10-01T11:30:00+08:00,true,100,20,60,10,5
DENSE-41,MUG-01,合成样例 · 上午,2026-10-01T10:00:00+08:00,2026-10-01T11:30:00+08:00,true,100,20,60,10,5
DENSE-42,MUG-01,合成样例 · 上午,2026-10-01T10:00:00+08:00,2026-10-01T11:30:00+08:00,true,100,20,60,10,5
DENSE-43,MUG-01,合成样例 · 上午,2026-10-01T10:00:00+08:00,2026-10-01T11:30:00+08:00,true,100,20,60,10,5
DENSE-44,MUG-01,合成样例 · 上午,2026-10-01T10:00:00+08:00,2026-10-01T11:30:00+08:00,true,100,20,60,10,5
DENSE-45,MUG-01,合成样例 · 上午,2026-10-01T10:00:00+08:00,2026-10-01T11:30:00+08:00,true,100,20,60,10,5
DENSE-46,MUG-01,合成样例 · 上午,2026-10-01T10:00:00+08:00,2026-10-01T11:30:00+08:00,true,100,20,60,10,5
DENSE-47,MUG-01,合成样例 · 上午,2026-10-01T10:00:00+08:00,2026-10-01T11:30:00+08:00,true,100,20,60,10,5
DENSE-48,MUG-01,合成样例 · 上午,2026-10-01T10:00:00+08:00,2026-10-01T11:30:00+08:00,true,100,20,60,10,5
DENSE-49,MUG-01,合成样例 · 上午,2026-10-01T10:00:00+08:00,2026-10-01T11:30:00+08:00,true,100,20,60,10,5
DENSE-50,MUG-01,合成样例 · 上午,2026-10-01T10:00:00+08:00,2026-10-01T11:30:00+08:00,true,100,20,60,10,5
DENSE-51,MUG-01,合成样例 · 上午,2026-10-01T10:00:00+08:00,2026-10-01T11:30:00+08:00,true,100,20,60,10,5
DENSE-52,MUG-01,合成样例 · 上午,2026-10-01T10:00:00+08:00,2026-10-01T11:30:00+08:00,true,100,20,60,10,5
DENSE-53,MUG-01,合成样例 · 上午,2026-10-01T10:00:00+08:00,2026-10-01T11:30:00+08:00,true,100,20,60,10,5
DENSE-54,MUG-01,合成样例 · 上午,2026-10-01T10:00:00+08:00,2026-10-01T11:30:00+08:00,true,100,20,60,10,5
DENSE-55,MUG-01,合成样例 · 上午,2026-10-01T10:00:00+08:00,2026-10-01T11:30:00+08:00,true,100,20,60,10,5
DENSE-56,MUG-01,合成样例 · 上午,2026-10-01T10:00:00+08:00,2026-10-01T11:30:00+08:00,true,100,20,60,10,5
DENSE-57,MUG-01,合成样例 · 上午,2026-10-01T10:00:00+08:00,2026-10-01T11:30:00+08:00,true,100,20,60,10,5
DENSE-58,MUG-01,合成样例 · 上午,2026-10-01T10:00:00+08:00,2026-10-01T11:30:00+08:00,true,100,20,60,10,5
DENSE-59,MUG-01,合成样例 · 上午,2026-10-01T10:00:00+08:00,2026-10-01T11:30:00+08:00,true,100,20,60,10,5
DENSE-60,MUG-01,合成样例 · 上午,2026-10-01T10:00:00+08:00,2026-10-01T11:30:00+08:00,true,100,20,60,10,5
DENSE-61,MUG-01,合成样例 · 上午,2026-10-01T10:00:00+08:00,2026-10-01T11:30:00+08:00,true,100,20,60,10,5
DENSE-62,MUG-01,合成样例 · 上午,2026-10-01T10:00:00+08:00,2026-10-01T11:30:00+08:00,true,100,20,60,10,5
DENSE-63,MUG-01,合成样例 · 上午,2026-10-01T10:00:00+08:00,2026-10-01T11:30:00+08:00,true,100,20,60,10,5
DENSE-64,MUG-01,合成样例 · 上午,2026-10-01T10:00:00+08:00,2026-10-01T11:30:00+08:00,true,100,20,60,10,5
DENSE-65,MUG-01,合成样例 · 上午,2026-10-01T10:00:00+08:00,2026-10-01T11:30:00+08:00,true,100,20,60,10,5
DENSE-66,MUG-01,合成样例 · 上午,2026-10-01T10:00:00+08:00,2026-10-01T11:30:00+08:00,true,100,20,60,10,5
DENSE-67,MUG-01,合成样例 · 上午,2026-10-01T10:00:00+08:00,2026-10-01T11:30:00+08:00,true,100,20,60,10,5
DENSE-68,MUG-01,合成样例 · 上午,2026-10-01T10:00:00+08:00,2026-10-01T11:30:00+08:00,true,100,20,60,10,5
DENSE-69,MUG-01,合成样例 · 上午,2026-10-01T10:00:00+08:00,2026-10-01T11:30:00+08:00,true,100,20,60,10,5
DENSE-70,MUG-01,合成样例 · 上午,2026-10-01T10:00:00+08:00,2026-10-01T11:30:00+08:00,true,100,20,60,10,5
DENSE-71,MUG-01,合成样例 · 上午,2026-10-01T10:00:00+08:00,2026-10-01T11:30:00+08:00,true,100,20,60,10,5
DENSE-72,MUG-01,合成样例 · 上午,2026-10-01T10:00:00+08:00,2026-10-01T11:30:00+08:00,true,100,20,60,10,5
DENSE-73,MUG-01,合成样例 · 上午,2026-10-01T10:00:00+08:00,2026-10-01T11:30:00+08:00,true,100,20,60,10,5
DENSE-74,MUG-01,合成样例 · 上午,2026-10-01T10:00:00+08:00,2026-10-01T11:30:00+08:00,true,100,20,60,10,5
DENSE-75,MUG-01,合成样例 · 上午,2026-10-01T10:00:00+08:00,2026-10-01T11:30:00+08:00,true,100,20,60,10,5
DENSE-76,MUG-01,合成样例 · 上午,2026-10-01T10:00:00+08:00,2026-10-01T11:30:00+08:00,true,100,20,60,10,5
DENSE-77,MUG-01,合成样例 · 上午,2026-10-01T10:00:00+08:00,2026-10-01T11:30:00+08:00,true,100,20,60,10,5
DENSE-78,MUG-01,合成样例 · 上午,2026-10-01T10:00:00+08:00,2026-10-01T11:30:00+08:00,true,100,20,60,10,5
DENSE-79,MUG-01,合成样例 · 上午,2026-10-01T10:00:00+08:00,2026-10-01T11:30:00+08:00,true,100,20,60,10,5
DENSE-80,MUG-01,合成样例 · 上午,2026-10-01T10:00:00+08:00,2026-10-01T11:30:00+08:00,true,100,20,60,10,5
DENSE-81,MUG-01,合成样例 · 上午,2026-10-01T10:00:00+08:00,2026-10-01T11:30:00+08:00,true,100,20,60,10,5
DENSE-82,MUG-01,合成样例 · 上午,2026-10-01T10:00:00+08:00,2026-10-01T11:30:00+08:00,true,100,20,60,10,5
DENSE-83,MUG-01,合成样例 · 上午,2026-10-01T10:00:00+08:00,2026-10-01T11:30:00+08:00,true,100,20,60,10,5
DENSE-84,MUG-01,合成样例 · 上午,2026-10-01T10:00:00+08:00,2026-10-01T11:30:00+08:00,true,100,20,60,10,5
DENSE-85,MUG-01,合成样例 · 上午,2026-10-01T10:00:00+08:00,2026-10-01T11:30:00+08:00,true,100,20,60,10,5
DENSE-86,MUG-01,合成样例 · 上午,2026-10-01T10:00:00+08:00,2026-10-01T11:30:00+08:00,true,100,20,60,10,5
DENSE-87,MUG-01,合成样例 · 上午,2026-10-01T10:00:00+08:00,2026-10-01T11:30:00+08:00,true,100,20,60,10,5
DENSE-88,MUG-01,合成样例 · 上午,2026-10-01T10:00:00+08:00,2026-10-01T11:30:00+08:00,true,100,20,60,10,5
DENSE-89,MUG-01,合成样例 · 上午,2026-10-01T10:00:00+08:00,2026-10-01T11:30:00+08:00,true,100,20,60,10,5
DENSE-90,MUG-01,合成样例 · 上午,2026-10-01T10:00:00+08:00,2026-10-01T11:30:00+08:00,true,100,20,60,10,5
DENSE-91,MUG-01,合成样例 · 上午,2026-10-01T10:00:00+08:00,2026-10-01T11:30:00+08:00,true,100,20,60,10,5
DENSE-92,MUG-01,合成样例 · 上午,2026-10-01T10:00:00+08:00,2026-10-01T11:30:00+08:00,true,100,20,60,10,5
DENSE-93,MUG-01,合成样例 · 上午,2026-10-01T10:00:00+08:00,2026-10-01T11:30:00+08:00,true,100,20,60,10,5
DENSE-94,MUG-01,合成样例 · 上午,2026-10-01T10:00:00+08:00,2026-10-01T11:30:00+08:00,true,100,20,60,10,5
DENSE-95,MUG-01,合成样例 · 上午,2026-10-01T10:00:00+08:00,2026-10-01T11:30:00+08:00,true,100,20,60,10,5
DENSE-96,MUG-01,合成样例 · 上午,2026-10-01T10:00:00+08:00,2026-10-01T11:30:00+08:00,true,100,20,60,10,5
DENSE-97,MUG-01,合成样例 · 上午,2026-10-01T10:00:00+08:00,2026-10-01T11:30:00+08:00,true,100,20,60,10,5
DENSE-98,MUG-01,合成样例 · 上午,2026-10-01T10:00:00+08:00,2026-10-01T11:30:00+08:00,true,100,20,60,10,5
DENSE-99,MUG-01,合成样例 · 上午,2026-10-01T10:00:00+08:00,2026-10-01T11:30:00+08:00,true,100,20,60,10,5
DENSE-100,MUG-01,合成样例 · 上午,2026-10-01T10:00:00+08:00,2026-10-01T11:30:00+08:00,true,100,20,60,10,5
DENSE-101,MUG-01,合成样例 · 上午,2026-10-01T10:00:00+08:00,2026-10-01T11:30:00+08:00,true,100,20,60,10,5
DENSE-102,MUG-01,合成样例 · 上午,2026-10-01T10:00:00+08:00,2026-10-01T11:30:00+08:00,true,100,20,60,10,5
DENSE-103,MUG-01,合成样例 · 上午,2026-10-01T10:00:00+08:00,2026-10-01T11:30:00+08:00,true,100,20,60,10,5
DENSE-104,MUG-01,合成样例 · 上午,2026-10-01T10:00:00+08:00,2026-10-01T11:30:00+08:00,true,100,20,60,10,5
DENSE-105,MUG-01,合成样例 · 上午,2026-10-01T10:00:00+08:00,2026-10-01T11:30:00+08:00,true,100,20,60,10,5
DENSE-106,MUG-01,合成样例 · 上午,2026-10-01T10:00:00+08:00,2026-10-01T11:30:00+08:00,true,100,20,60,10,5
DENSE-107,MUG-01,合成样例 · 上午,2026-10-01T10:00:00+08:00,2026-10-01T11:30:00+08:00,true,100,20,60,10,5
DENSE-108,MUG-01,合成样例 · 上午,2026-10-01T10:00:00+08:00,2026-10-01T11:30:00+08:00,true,100,20,60,10,5
DENSE-109,MUG-01,合成样例 · 上午,2026-10-01T10:00:00+08:00,2026-10-01T11:30:00+08:00,true,100,20,60,10,5
DENSE-110,MUG-01,合成样例 · 上午,2026-10-01T10:00:00+08:00,2026-10-01T11:30:00+08:00,true,100,20,60,10,5
DENSE-111,MUG-01,合成样例 · 上午,2026-10-01T10:00:00+08:00,2026-10-01T11:30:00+08:00,true,100,20,60,10,5
DENSE-112,MUG-01,合成样例 · 上午,2026-10-01T10:00:00+08:00,2026-10-01T11:30:00+08:00,true,100,20,60,10,5
DENSE-113,MUG-01,合成样例 · 上午,2026-10-01T10:00:00+08:00,2026-10-01T11:30:00+08:00,true,100,20,60,10,5
DENSE-114,MUG-01,合成样例 · 上午,2026-10-01T10:00:00+08:00,2026-10-01T11:30:00+08:00,true,100,20,60,10,5
DENSE-115,MUG-01,合成样例 · 上午,2026-10-01T10:00:00+08:00,2026-10-01T11:30:00+08:00,true,100,20,60,10,5
DENSE-116,MUG-01,合成样例 · 上午,2026-10-01T10:00:00+08:00,2026-10-01T11:30:00+08:00,true,100,20,60,10,5
DENSE-117,MUG-01,合成样例 · 上午,2026-10-01T10:00:00+08:00,2026-10-01T11:30:00+08:00,true,100,20,60,10,5
DENSE-118,MUG-01,合成样例 · 上午,2026-10-01T10:00:00+08:00,2026-10-01T11:30:00+08:00,true,100,20,60,10,5
DENSE-119,MUG-01,合成样例 · 上午,2026-10-01T10:00:00+08:00,2026-10-01T11:30:00+08:00,true,100,20,60,10,5
DENSE-120,MUG-01,合成样例 · 上午,2026-10-01T10:00:00+08:00,2026-10-01T11:30:00+08:00,true,100,20,60,10,5
DENSE-121,MUG-01,合成样例 · 上午,2026-10-01T10:00:00+08:00,2026-10-01T11:30:00+08:00,true,100,20,60,10,5
DENSE-122,MUG-01,合成样例 · 上午,2026-10-01T10:00:00+08:00,2026-10-01T11:30:00+08:00,true,100,20,60,10,5
DENSE-123,MUG-01,合成样例 · 上午,2026-10-01T10:00:00+08:00,2026-10-01T11:30:00+08:00,true,100,20,60,10,5
DENSE-124,MUG-01,合成样例 · 上午,2026-10-01T10:00:00+08:00,2026-10-01T11:30:00+08:00,true,100,20,60,10,5
DENSE-125,MUG-01,合成样例 · 上午,2026-10-01T10:00:00+08:00,2026-10-01T11:30:00+08:00,true,100,20,60,10,5
DENSE-126,MUG-01,合成样例 · 上午,2026-10-01T10:00:00+08:00,2026-10-01T11:30:00+08:00,true,100,20,60,10,5
DENSE-127,MUG-01,合成样例 · 上午,2026-10-01T10:00:00+08:00,2026-10-01T11:30:00+08:00,true,100,20,60,10,5
DENSE-128,MUG-01,合成样例 · 上午,2026-10-01T10:00:00+08:00,2026-10-01T11:30:00+08:00,true,100,20,60,10,5
DENSE-129,MUG-01,合成样例 · 上午,2026-10-01T10:00:00+08:00,2026-10-01T11:30:00+08:00,true,100,20,60,10,5
DENSE-130,MUG-01,合成样例 · 上午,2026-10-01T10:00:00+08:00,2026-10-01T11:30:00+08:00,true,100,20,60,10,5
DENSE-131,MUG-01,合成样例 · 上午,2026-10-01T10:00:00+08:00,2026-10-01T11:30:00+08:00,true,100,20,60,10,5
DENSE-132,MUG-01,合成样例 · 上午,2026-10-01T10:00:00+08:00,2026-10-01T11:30:00+08:00,true,100,20,60,10,5
DENSE-133,MUG-01,合成样例 · 上午,2026-10-01T10:00:00+08:00,2026-10-01T11:30:00+08:00,true,100,20,60,10,5
DENSE-134,MUG-01,合成样例 · 上午,2026-10-01T10:00:00+08:00,2026-10-01T11:30:00+08:00,true,100,20,60,10,5
DENSE-135,MUG-01,合成样例 · 上午,2026-10-01T10:00:00+08:00,2026-10-01T11:30:00+08:00,true,100,20,60,10,5
DENSE-136,MUG-01,合成样例 · 上午,2026-10-01T10:00:00+08:00,2026-10-01T11:30:00+08:00,true,100,20,60,10,5
DENSE-137,MUG-01,合成样例 · 上午,2026-10-01T10:00:00+08:00,2026-10-01T11:30:00+08:00,true,100,20,60,10,5
DENSE-138,MUG-01,合成样例 · 上午,2026-10-01T10:00:00+08:00,2026-10-01T11:30:00+08:00,true,100,20,60,10,5
DENSE-139,MUG-01,合成样例 · 上午,2026-10-01T10:00:00+08:00,2026-10-01T11:30:00+08:00,true,100,20,60,10,5
DENSE-140,MUG-01,合成样例 · 上午,2026-10-01T10:00:00+08:00,2026-10-01T11:30:00+08:00,true,100,20,60,10,5
DENSE-141,MUG-01,合成样例 · 上午,2026-10-01T10:00:00+08:00,2026-10-01T11:30:00+08:00,true,100,20,60,10,5
DENSE-142,MUG-01,合成样例 · 上午,2026-10-01T10:00:00+08:00,2026-10-01T11:30:00+08:00,true,100,20,60,10,5
DENSE-143,MUG-01,合成样例 · 上午,2026-10-01T10:00:00+08:00,2026-10-01T11:30:00+08:00,true,100,20,60,10,5
DENSE-144,MUG-01,合成样例 · 上午,2026-10-01T10:00:00+08:00,2026-10-01T11:30:00+08:00,true,100,20,60,10,5
DENSE-145,MUG-01,合成样例 · 上午,2026-10-01T10:00:00+08:00,2026-10-01T11:30:00+08:00,true,100,20,60,10,5
DENSE-146,MUG-01,合成样例 · 上午,2026-10-01T10:00:00+08:00,2026-10-01T11:30:00+08:00,true,100,20,60,10,5
DENSE-147,MUG-01,合成样例 · 上午,2026-10-01T10:00:00+08:00,2026-10-01T11:30:00+08:00,true,100,20,60,10,5
DENSE-148,MUG-01,合成样例 · 上午,2026-10-01T10:00:00+08:00,2026-10-01T11:30:00+08:00,true,100,20,60,10,5
DENSE-149,MUG-01,合成样例 · 上午,2026-10-01T10:00:00+08:00,2026-10-01T11:30:00+08:00,true,100,20,60,10,5
DENSE-150,MUG-01,合成样例 · 上午,2026-10-01T10:00:00+08:00,2026-10-01T11:30:00+08:00,true,100,20,60,10,5
DENSE-151,MUG-01,合成样例 · 上午,2026-10-01T10:00:00+08:00,2026-10-01T11:30:00+08:00,true,100,20,60,10,5
DENSE-152,MUG-01,合成样例 · 上午,2026-10-01T10:00:00+08:00,2026-10-01T11:30:00+08:00,true,100,20,60,10,5
DENSE-153,MUG-01,合成样例 · 上午,2026-10-01T10:00:00+08:00,2026-10-01T11:30:00+08:00,true,100,20,60,10,5
DENSE-154,MUG-01,合成样例 · 上午,2026-10-01T10:00:00+08:00,2026-10-01T11:30:00+08:00,true,100,20,60,10,5
DENSE-155,MUG-01,合成样例 · 上午,2026-10-01T10:00:00+08:00,2026-10-01T11:30:00+08:00,true,100,20,60,10,5
DENSE-156,MUG-01,合成样例 · 上午,2026-10-01T10:00:00+08:00,2026-10-01T11:30:00+08:00,true,100,20,60,10,5
DENSE-157,MUG-01,合成样例 · 上午,2026-10-01T10:00:00+08:00,2026-10-01T11:30:00+08:00,true,100,20,60,10,5
DENSE-158,MUG-01,合成样例 · 上午,2026-10-01T10:00:00+08:00,2026-10-01T11:30:00+08:00,true,100,20,60,10,5
DENSE-159,MUG-01,合成样例 · 上午,2026-10-01T10:00:00+08:00,2026-10-01T11:30:00+08:00,true,100,20,60,10,5
DENSE-160,MUG-01,合成样例 · 上午,2026-10-01T10:00:00+08:00,2026-10-01T11:30:00+08:00,true,100,20,60,10,5
DENSE-161,MUG-01,合成样例 · 上午,2026-10-01T10:00:00+08:00,2026-10-01T11:30:00+08:00,true,100,20,60,10,5
DENSE-162,MUG-01,合成样例 · 上午,2026-10-01T10:00:00+08:00,2026-10-01T11:30:00+08:00,true,100,20,60,10,5
DENSE-163,MUG-01,合成样例 · 上午,2026-10-01T10:00:00+08:00,2026-10-01T11:30:00+08:00,true,100,20,60,10,5
DENSE-164,MUG-01,合成样例 · 上午,2026-10-01T10:00:00+08:00,2026-10-01T11:30:00+08:00,true,100,20,60,10,5
DENSE-165,MUG-01,合成样例 · 上午,2026-10-01T10:00:00+08:00,2026-10-01T11:30:00+08:00,true,100,20,60,10,5
DENSE-166,MUG-01,合成样例 · 上午,2026-10-01T10:00:00+08:00,2026-10-01T11:30:00+08:00,true,100,20,60,10,5
DENSE-167,MUG-01,合成样例 · 上午,2026-10-01T10:00:00+08:00,2026-10-01T11:30:00+08:00,true,100,20,60,10,5
DENSE-168,MUG-01,合成样例 · 上午,2026-10-01T10:00:00+08:00,2026-10-01T11:30:00+08:00,true,100,20,60,10,5
DENSE-169,MUG-01,合成样例 · 上午,2026-10-01T10:00:00+08:00,2026-10-01T11:30:00+08:00,true,100,20,60,10,5
DENSE-170,MUG-01,合成样例 · 上午,2026-10-01T10:00:00+08:00,2026-10-01T11:30:00+08:00,true,100,20,60,10,5
DENSE-171,MUG-01,合成样例 · 上午,2026-10-01T10:00:00+08:00,2026-10-01T11:30:00+08:00,true,100,20,60,10,5
DENSE-172,MUG-01,合成样例 · 上午,2026-10-01T10:00:00+08:00,2026-10-01T11:30:00+08:00,true,100,20,60,10,5
DENSE-173,MUG-01,合成样例 · 上午,2026-10-01T10:00:00+08:00,2026-10-01T11:30:00+08:00,true,100,20,60,10,5
DENSE-174,MUG-01,合成样例 · 上午,2026-10-01T10:00:00+08:00,2026-10-01T11:30:00+08:00,true,100,20,60,10,5
DENSE-175,MUG-01,合成样例 · 上午,2026-10-01T10:00:00+08:00,2026-10-01T11:30:00+08:00,true,100,20,60,10,5
DENSE-176,MUG-01,合成样例 · 上午,2026-10-01T10:00:00+08:00,2026-10-01T11:30:00+08:00,true,100,20,60,10,5
DENSE-177,MUG-01,合成样例 · 上午,2026-10-01T10:00:00+08:00,2026-10-01T11:30:00+08:00,true,100,20,60,10,5
DENSE-178,MUG-01,合成样例 · 上午,2026-10-01T10:00:00+08:00,2026-10-01T11:30:00+08:00,true,100,20,60,10,5
DENSE-179,MUG-01,合成样例 · 上午,2026-10-01T10:00:00+08:00,2026-10-01T11:30:00+08:00,true,100,20,60,10,5
DENSE-180,MUG-01,合成样例 · 上午,2026-10-01T10:00:00+08:00,2026-10-01T11:30:00+08:00,true,100,20,60,10,5
DENSE-181,MUG-01,合成样例 · 上午,2026-10-01T10:00:00+08:00,2026-10-01T11:30:00+08:00,true,100,20,60,10,5
DENSE-182,MUG-01,合成样例 · 上午,2026-10-01T10:00:00+08:00,2026-10-01T11:30:00+08:00,true,100,20,60,10,5
DENSE-183,MUG-01,合成样例 · 上午,2026-10-01T10:00:00+08:00,2026-10-01T11:30:00+08:00,true,100,20,60,10,5
DENSE-184,MUG-01,合成样例 · 上午,2026-10-01T10:00:00+08:00,2026-10-01T11:30:00+08:00,true,100,20,60,10,5
DENSE-185,MUG-01,合成样例 · 上午,2026-10-01T10:00:00+08:00,2026-10-01T11:30:00+08:00,true,100,20,60,10,5
DENSE-186,MUG-01,合成样例 · 上午,2026-10-01T10:00:00+08:00,2026-10-01T11:30:00+08:00,true,100,20,60,10,5
DENSE-187,MUG-01,合成样例 · 上午,2026-10-01T10:00:00+08:00,2026-10-01T11:30:00+08:00,true,100,20,60,10,5
DENSE-188,MUG-01,合成样例 · 上午,2026-10-01T10:00:00+08:00,2026-10-01T11:30:00+08:00,true,100,20,60,10,5
DENSE-189,MUG-01,合成样例 · 上午,2026-10-01T10:00:00+08:00,2026-10-01T11:30:00+08:00,true,100,20,60,10,5
DENSE-190,MUG-01,合成样例 · 上午,2026-10-01T10:00:00+08:00,2026-10-01T11:30:00+08:00,true,100,20,60,10,5
DENSE-191,MUG-01,合成样例 · 上午,2026-10-01T10:00:00+08:00,2026-10-01T11:30:00+08:00,true,100,20,60,10,5
DENSE-192,MUG-01,合成样例 · 上午,2026-10-01T10:00:00+08:00,2026-10-01T11:30:00+08:00,true,100,20,60,10,5
DENSE-193,MUG-01,合成样例 · 上午,2026-10-01T10:00:00+08:00,2026-10-01T11:30:00+08:00,true,100,20,60,10,5
DENSE-194,MUG-01,合成样例 · 上午,2026-10-01T10:00:00+08:00,2026-10-01T11:30:00+08:00,true,100,20,60,10,5
DENSE-195,MUG-01,合成样例 · 上午,2026-10-01T10:00:00+08:00,2026-10-01T11:30:00+08:00,true,100,20,60,10,5
DENSE-196,MUG-01,合成样例 · 上午,2026-10-01T10:00:00+08:00,2026-10-01T11:30:00+08:00,true,100,20,60,10,5
DENSE-197,MUG-01,合成样例 · 上午,2026-10-01T10:00:00+08:00,2026-10-01T11:30:00+08:00,true,100,20,60,10,5
DENSE-198,MUG-01,合成样例 · 上午,2026-10-01T10:00:00+08:00,2026-10-01T11:30:00+08:00,true,100,20,60,10,5
DENSE-199,MUG-01,合成样例 · 上午,2026-10-01T10:00:00+08:00,2026-10-01T11:30:00+08:00,true,100,20,60,10,5
DENSE-200,MUG-01,合成样例 · 上午,2026-10-01T10:00:00+08:00,2026-10-01T11:30:00+08:00,true,100,20,60,10,5
DENSE-201,MUG-01,合成样例 · 上午,2026-10-01T10:00:00+08:00,2026-10-01T11:30:00+08:00,true,100,20,60,10,5
DENSE-202,MUG-01,合成样例 · 上午,2026-10-01T10:00:00+08:00,2026-10-01T11:30:00+08:00,true,100,20,60,10,5
DENSE-203,MUG-01,合成样例 · 上午,2026-10-01T10:00:00+08:00,2026-10-01T11:30:00+08:00,true,100,20,60,10,5
DENSE-204,MUG-01,合成样例 · 上午,2026-10-01T10:00:00+08:00,2026-10-01T11:30:00+08:00,true,100,20,60,10,5
DENSE-205,MUG-01,合成样例 · 上午,2026-10-01T10:00:00+08:00,2026-10-01T11:30:00+08:00,true,100,20,60,10,5
DENSE-206,MUG-01,合成样例 · 上午,2026-10-01T10:00:00+08:00,2026-10-01T11:30:00+08:00,true,100,20,60,10,5
DENSE-207,MUG-01,合成样例 · 上午,2026-10-01T10:00:00+08:00,2026-10-01T11:30:00+08:00,true,100,20,60,10,5
DENSE-208,MUG-01,合成样例 · 上午,2026-10-01T10:00:00+08:00,2026-10-01T11:30:00+08:00,true,100,20,60,10,5
DENSE-209,MUG-01,合成样例 · 上午,2026-10-01T10:00:00+08:00,2026-10-01T11:30:00+08:00,true,100,20,60,10,5
DENSE-210,MUG-01,合成样例 · 上午,2026-10-01T10:00:00+08:00,2026-10-01T11:30:00+08:00,true,100,20,60,10,5
DENSE-211,MUG-01,合成样例 · 上午,2026-10-01T10:00:00+08:00,2026-10-01T11:30:00+08:00,true,100,20,60,10,5
DENSE-212,MUG-01,合成样例 · 上午,2026-10-01T10:00:00+08:00,2026-10-01T11:30:00+08:00,true,100,20,60,10,5
DENSE-213,MUG-01,合成样例 · 上午,2026-10-01T10:00:00+08:00,2026-10-01T11:30:00+08:00,true,100,20,60,10,5
DENSE-214,MUG-01,合成样例 · 上午,2026-10-01T10:00:00+08:00,2026-10-01T11:30:00+08:00,true,100,20,60,10,5
DENSE-215,MUG-01,合成样例 · 上午,2026-10-01T10:00:00+08:00,2026-10-01T11:30:00+08:00,true,100,20,60,10,5
DENSE-216,MUG-01,合成样例 · 上午,2026-10-01T10:00:00+08:00,2026-10-01T11:30:00+08:00,true,100,20,60,10,5
DENSE-217,MUG-01,合成样例 · 上午,2026-10-01T10:00:00+08:00,2026-10-01T11:30:00+08:00,true,100,20,60,10,5
DENSE-218,MUG-01,合成样例 · 上午,2026-10-01T10:00:00+08:00,2026-10-01T11:30:00+08:00,true,100,20,60,10,5
DENSE-219,MUG-01,合成样例 · 上午,2026-10-01T10:00:00+08:00,2026-10-01T11:30:00+08:00,true,100,20,60,10,5
DENSE-220,MUG-01,合成样例 · 上午,2026-10-01T10:00:00+08:00,2026-10-01T11:30:00+08:00,true,100,20,60,10,5
DENSE-221,MUG-01,合成样例 · 上午,2026-10-01T10:00:00+08:00,2026-10-01T11:30:00+08:00,true,100,20,60,10,5
DENSE-222,MUG-01,合成样例 · 上午,2026-10-01T10:00:00+08:00,2026-10-01T11:30:00+08:00,true,100,20,60,10,5
DENSE-223,MUG-01,合成样例 · 上午,2026-10-01T10:00:00+08:00,2026-10-01T11:30:00+08:00,true,100,20,60,10,5
DENSE-224,MUG-01,合成样例 · 上午,2026-10-01T10:00:00+08:00,2026-10-01T11:30:00+08:00,true,100,20,60,10,5
DENSE-225,MUG-01,合成样例 · 上午,2026-10-01T10:00:00+08:00,2026-10-01T11:30:00+08:00,true,100,20,60,10,5
DENSE-226,MUG-01,合成样例 · 上午,2026-10-01T10:00:00+08:00,2026-10-01T11:30:00+08:00,true,100,20,60,10,5
DENSE-227,MUG-01,合成样例 · 上午,2026-10-01T10:00:00+08:00,2026-10-01T11:30:00+08:00,true,100,20,60,10,5
DENSE-228,MUG-01,合成样例 · 上午,2026-10-01T10:00:00+08:00,2026-10-01T11:30:00+08:00,true,100,20,60,10,5
DENSE-229,MUG-01,合成样例 · 上午,2026-10-01T10:00:00+08:00,2026-10-01T11:30:00+08:00,true,100,20,60,10,5
DENSE-230,MUG-01,合成样例 · 上午,2026-10-01T10:00:00+08:00,2026-10-01T11:30:00+08:00,true,100,20,60,10,5
DENSE-231,MUG-01,合成样例 · 上午,2026-10-01T10:00:00+08:00,2026-10-01T11:30:00+08:00,true,100,20,60,10,5
DENSE-232,MUG-01,合成样例 · 上午,2026-10-01T10:00:00+08:00,2026-10-01T11:30:00+08:00,true,100,20,60,10,5
DENSE-233,MUG-01,合成样例 · 上午,2026-10-01T10:00:00+08:00,2026-10-01T11:30:00+08:00,true,100,20,60,10,5
DENSE-234,MUG-01,合成样例 · 上午,2026-10-01T10:00:00+08:00,2026-10-01T11:30:00+08:00,true,100,20,60,10,5
DENSE-235,MUG-01,合成样例 · 上午,2026-10-01T10:00:00+08:00,2026-10-01T11:30:00+08:00,true,100,20,60,10,5
DENSE-236,MUG-01,合成样例 · 上午,2026-10-01T10:00:00+08:00,2026-10-01T11:30:00+08:00,true,100,20,60,10,5
DENSE-237,MUG-01,合成样例 · 上午,2026-10-01T10:00:00+08:00,2026-10-01T11:30:00+08:00,true,100,20,60,10,5
DENSE-238,MUG-01,合成样例 · 上午,2026-10-01T10:00:00+08:00,2026-10-01T11:30:00+08:00,true,100,20,60,10,5
DENSE-239,MUG-01,合成样例 · 上午,2026-10-01T10:00:00+08:00,2026-10-01T11:30:00+08:00,true,100,20,60,10,5
DENSE-240,MUG-01,合成样例 · 上午,2026-10-01T10:00:00+08:00,2026-10-01T11:30:00+08:00,true,100,20,60,10,5
DENSE-241,MUG-01,合成样例 · 上午,2026-10-01T10:00:00+08:00,2026-10-01T11:30:00+08:00,true,100,20,60,10,5
DENSE-242,MUG-01,合成样例 · 上午,2026-10-01T10:00:00+08:00,2026-10-01T11:30:00+08:00,true,100,20,60,10,5
DENSE-243,MUG-01,合成样例 · 上午,2026-10-01T10:00:00+08:00,2026-10-01T11:30:00+08:00,true,100,20,60,10,5
DENSE-244,MUG-01,合成样例 · 上午,2026-10-01T10:00:00+08:00,2026-10-01T11:30:00+08:00,true,100,20,60,10,5
DENSE-245,MUG-01,合成样例 · 上午,2026-10-01T10:00:00+08:00,2026-10-01T11:30:00+08:00,true,100,20,60,10,5
DENSE-246,MUG-01,合成样例 · 上午,2026-10-01T10:00:00+08:00,2026-10-01T11:30:00+08:00,true,100,20,60,10,5
DENSE-247,MUG-01,合成样例 · 上午,2026-10-01T10:00:00+08:00,2026-10-01T11:30:00+08:00,true,100,20,60,10,5
DENSE-248,MUG-01,合成样例 · 上午,2026-10-01T10:00:00+08:00,2026-10-01T11:30:00+08:00,true,100,20,60,10,5
DENSE-249,MUG-01,合成样例 · 上午,2026-10-01T10:00:00+08:00,2026-10-01T11:30:00+08:00,true,100,20,60,10,5
DENSE-250,MUG-01,合成样例 · 上午,2026-10-01T10:00:00+08:00,2026-10-01T11:30:00+08:00,true,100,20,60,10,5
DENSE-251,MUG-01,合成样例 · 上午,2026-10-01T10:00:00+08:00,2026-10-01T11:30:00+08:00,true,100,20,60,10,5
DENSE-252,MUG-01,合成样例 · 上午,2026-10-01T10:00:00+08:00,2026-10-01T11:30:00+08:00,true,100,20,60,10,5
DENSE-253,MUG-01,合成样例 · 上午,2026-10-01T10:00:00+08:00,2026-10-01T11:30:00+08:00,true,100,20,60,10,5
DENSE-254,MUG-01,合成样例 · 上午,2026-10-01T10:00:00+08:00,2026-10-01T11:30:00+08:00,true,100,20,60,10,5
DENSE-255,MUG-01,合成样例 · 上午,2026-10-01T10:00:00+08:00,2026-10-01T11:30:00+08:00,true,100,20,60,10,5
DENSE-256,MUG-01,合成样例 · 上午,2026-10-01T10:00:00+08:00,2026-10-01T11:30:00+08:00,true,100,20,60,10,5
DENSE-257,MUG-01,合成样例 · 上午,2026-10-01T10:00:00+08:00,2026-10-01T11:30:00+08:00,true,100,20,60,10,5
DENSE-258,MUG-01,合成样例 · 上午,2026-10-01T10:00:00+08:00,2026-10-01T11:30:00+08:00,true,100,20,60,10,5
DENSE-259,MUG-01,合成样例 · 上午,2026-10-01T10:00:00+08:00,2026-10-01T11:30:00+08:00,true,100,20,60,10,5
DENSE-260,MUG-01,合成样例 · 上午,2026-10-01T10:00:00+08:00,2026-10-01T11:30:00+08:00,true,100,20,60,10,5
DENSE-261,MUG-01,合成样例 · 上午,2026-10-01T10:00:00+08:00,2026-10-01T11:30:00+08:00,true,100,20,60,10,5
DENSE-262,MUG-01,合成样例 · 上午,2026-10-01T10:00:00+08:00,2026-10-01T11:30:00+08:00,true,100,20,60,10,5
DENSE-263,MUG-01,合成样例 · 上午,2026-10-01T10:00:00+08:00,2026-10-01T11:30:00+08:00,true,100,20,60,10,5
DENSE-264,MUG-01,合成样例 · 上午,2026-10-01T10:00:00+08:00,2026-10-01T11:30:00+08:00,true,100,20,60,10,5
DENSE-265,MUG-01,合成样例 · 上午,2026-10-01T10:00:00+08:00,2026-10-01T11:30:00+08:00,true,100,20,60,10,5
DENSE-266,MUG-01,合成样例 · 上午,2026-10-01T10:00:00+08:00,2026-10-01T11:30:00+08:00,true,100,20,60,10,5
DENSE-267,MUG-01,合成样例 · 上午,2026-10-01T10:00:00+08:00,2026-10-01T11:30:00+08:00,true,100,20,60,10,5
DENSE-268,MUG-01,合成样例 · 上午,2026-10-01T10:00:00+08:00,2026-10-01T11:30:00+08:00,true,100,20,60,10,5
DENSE-269,MUG-01,合成样例 · 上午,2026-10-01T10:00:00+08:00,2026-10-01T11:30:00+08:00,true,100,20,60,10,5
DENSE-270,MUG-01,合成样例 · 上午,2026-10-01T10:00:00+08:00,2026-10-01T11:30:00+08:00,true,100,20,60,10,5
DENSE-271,MUG-01,合成样例 · 上午,2026-10-01T10:00:00+08:00,2026-10-01T11:30:00+08:00,true,100,20,60,10,5
DENSE-272,MUG-01,合成样例 · 上午,2026-10-01T10:00:00+08:00,2026-10-01T11:30:00+08:00,true,100,20,60,10,5
DENSE-273,MUG-01,合成样例 · 上午,2026-10-01T10:00:00+08:00,2026-10-01T11:30:00+08:00,true,100,20,60,10,5
DENSE-274,MUG-01,合成样例 · 上午,2026-10-01T10:00:00+08:00,2026-10-01T11:30:00+08:00,true,100,20,60,10,5
DENSE-275,MUG-01,合成样例 · 上午,2026-10-01T10:00:00+08:00,2026-10-01T11:30:00+08:00,true,100,20,60,10,5
DENSE-276,MUG-01,合成样例 · 上午,2026-10-01T10:00:00+08:00,2026-10-01T11:30:00+08:00,true,100,20,60,10,5
DENSE-277,MUG-01,合成样例 · 上午,2026-10-01T10:00:00+08:00,2026-10-01T11:30:00+08:00,true,100,20,60,10,5
DENSE-278,MUG-01,合成样例 · 上午,2026-10-01T10:00:00+08:00,2026-10-01T11:30:00+08:00,true,100,20,60,10,5
DENSE-279,MUG-01,合成样例 · 上午,2026-10-01T10:00:00+08:00,2026-10-01T11:30:00+08:00,true,100,20,60,10,5
DENSE-280,MUG-01,合成样例 · 上午,2026-10-01T10:00:00+08:00,2026-10-01T11:30:00+08:00,true,100,20,60,10,5
DENSE-281,MUG-01,合成样例 · 上午,2026-10-01T10:00:00+08:00,2026-10-01T11:30:00+08:00,true,100,20,60,10,5
DENSE-282,MUG-01,合成样例 · 上午,2026-10-01T10:00:00+08:00,2026-10-01T11:30:00+08:00,true,100,20,60,10,5
DENSE-283,MUG-01,合成样例 · 上午,2026-10-01T10:00:00+08:00,2026-10-01T11:30:00+08:00,true,100,20,60,10,5
DENSE-284,MUG-01,合成样例 · 上午,2026-10-01T10:00:00+08:00,2026-10-01T11:30:00+08:00,true,100,20,60,10,5
DENSE-285,MUG-01,合成样例 · 上午,2026-10-01T10:00:00+08:00,2026-10-01T11:30:00+08:00,true,100,20,60,10,5
DENSE-286,MUG-01,合成样例 · 上午,2026-10-01T10:00:00+08:00,2026-10-01T11:30:00+08:00,true,100,20,60,10,5
DENSE-287,MUG-01,合成样例 · 上午,2026-10-01T10:00:00+08:00,2026-10-01T11:30:00+08:00,true,100,20,60,10,5
DENSE-288,MUG-01,合成样例 · 上午,2026-10-01T10:00:00+08:00,2026-10-01T11:30:00+08:00,true,100,20,60,10,5
DENSE-289,MUG-01,合成样例 · 上午,2026-10-01T10:00:00+08:00,2026-10-01T11:30:00+08:00,true,100,20,60,10,5
DENSE-290,MUG-01,合成样例 · 上午,2026-10-01T10:00:00+08:00,2026-10-01T11:30:00+08:00,true,100,20,60,10,5
DENSE-291,MUG-01,合成样例 · 上午,2026-10-01T10:00:00+08:00,2026-10-01T11:30:00+08:00,true,100,20,60,10,5
DENSE-292,MUG-01,合成样例 · 上午,2026-10-01T10:00:00+08:00,2026-10-01T11:30:00+08:00,true,100,20,60,10,5
DENSE-293,MUG-01,合成样例 · 上午,2026-10-01T10:00:00+08:00,2026-10-01T11:30:00+08:00,true,100,20,60,10,5
DENSE-294,MUG-01,合成样例 · 上午,2026-10-01T10:00:00+08:00,2026-10-01T11:30:00+08:00,true,100,20,60,10,5
DENSE-295,MUG-01,合成样例 · 上午,2026-10-01T10:00:00+08:00,2026-10-01T11:30:00+08:00,true,100,20,60,10,5
DENSE-296,MUG-01,合成样例 · 上午,2026-10-01T10:00:00+08:00,2026-10-01T11:30:00+08:00,true,100,20,60,10,5
DENSE-297,MUG-01,合成样例 · 上午,2026-10-01T10:00:00+08:00,2026-10-01T11:30:00+08:00,true,100,20,60,10,5
DENSE-298,MUG-01,合成样例 · 上午,2026-10-01T10:00:00+08:00,2026-10-01T11:30:00+08:00,true,100,20,60,10,5
DENSE-299,MUG-01,合成样例 · 上午,2026-10-01T10:00:00+08:00,2026-10-01T11:30:00+08:00,true,100,20,60,10,5
DENSE-300,MUG-01,合成样例 · 上午,2026-10-01T10:00:00+08:00,2026-10-01T11:30:00+08:00,true,100,20,60,10,5
DENSE-301,MUG-01,合成样例 · 上午,2026-10-01T10:00:00+08:00,2026-10-01T11:30:00+08:00,true,100,20,60,10,5
DENSE-302,MUG-01,合成样例 · 上午,2026-10-01T10:00:00+08:00,2026-10-01T11:30:00+08:00,true,100,20,60,10,5
DENSE-303,MUG-01,合成样例 · 上午,2026-10-01T10:00:00+08:00,2026-10-01T11:30:00+08:00,true,100,20,60,10,5
DENSE-304,MUG-01,合成样例 · 上午,2026-10-01T10:00:00+08:00,2026-10-01T11:30:00+08:00,true,100,20,60,10,5
DENSE-305,MUG-01,合成样例 · 上午,2026-10-01T10:00:00+08:00,2026-10-01T11:30:00+08:00,true,100,20,60,10,5
DENSE-306,MUG-01,合成样例 · 上午,2026-10-01T10:00:00+08:00,2026-10-01T11:30:00+08:00,true,100,20,60,10,5
DENSE-307,MUG-01,合成样例 · 上午,2026-10-01T10:00:00+08:00,2026-10-01T11:30:00+08:00,true,100,20,60,10,5
DENSE-308,MUG-01,合成样例 · 上午,2026-10-01T10:00:00+08:00,2026-10-01T11:30:00+08:00,true,100,20,60,10,5
DENSE-309,MUG-01,合成样例 · 上午,2026-10-01T10:00:00+08:00,2026-10-01T11:30:00+08:00,true,100,20,60,10,5
DENSE-310,MUG-01,合成样例 · 上午,2026-10-01T10:00:00+08:00,2026-10-01T11:30:00+08:00,true,100,20,60,10,5
DENSE-311,MUG-01,合成样例 · 上午,2026-10-01T10:00:00+08:00,2026-10-01T11:30:00+08:00,true,100,20,60,10,5
DENSE-312,MUG-01,合成样例 · 上午,2026-10-01T10:00:00+08:00,2026-10-01T11:30:00+08:00,true,100,20,60,10,5
DENSE-313,MUG-01,合成样例 · 上午,2026-10-01T10:00:00+08:00,2026-10-01T11:30:00+08:00,true,100,20,60,10,5
DENSE-314,MUG-01,合成样例 · 上午,2026-10-01T10:00:00+08:00,2026-10-01T11:30:00+08:00,true,100,20,60,10,5
DENSE-315,MUG-01,合成样例 · 上午,2026-10-01T10:00:00+08:00,2026-10-01T11:30:00+08:00,true,100,20,60,10,5
DENSE-316,MUG-01,合成样例 · 上午,2026-10-01T10:00:00+08:00,2026-10-01T11:30:00+08:00,true,100,20,60,10,5
DENSE-317,MUG-01,合成样例 · 上午,2026-10-01T10:00:00+08:00,2026-10-01T11:30:00+08:00,true,100,20,60,10,5
DENSE-318,MUG-01,合成样例 · 上午,2026-10-01T10:00:00+08:00,2026-10-01T11:30:00+08:00,true,100,20,60,10,5
DENSE-319,MUG-01,合成样例 · 上午,2026-10-01T10:00:00+08:00,2026-10-01T11:30:00+08:00,true,100,20,60,10,5
DENSE-320,MUG-01,合成样例 · 上午,2026-10-01T10:00:00+08:00,2026-10-01T11:30:00+08:00,true,100,20,60,10,5
DENSE-321,MUG-01,合成样例 · 上午,2026-10-01T10:00:00+08:00,2026-10-01T11:30:00+08:00,true,100,20,60,10,5
DENSE-322,MUG-01,合成样例 · 上午,2026-10-01T10:00:00+08:00,2026-10-01T11:30:00+08:00,true,100,20,60,10,5
DENSE-323,MUG-01,合成样例 · 上午,2026-10-01T10:00:00+08:00,2026-10-01T11:30:00+08:00,true,100,20,60,10,5
DENSE-324,MUG-01,合成样例 · 上午,2026-10-01T10:00:00+08:00,2026-10-01T11:30:00+08:00,true,100,20,60,10,5
DENSE-325,MUG-01,合成样例 · 上午,2026-10-01T10:00:00+08:00,2026-10-01T11:30:00+08:00,true,100,20,60,10,5
DENSE-326,MUG-01,合成样例 · 上午,2026-10-01T10:00:00+08:00,2026-10-01T11:30:00+08:00,true,100,20,60,10,5
DENSE-327,MUG-01,合成样例 · 上午,2026-10-01T10:00:00+08:00,2026-10-01T11:30:00+08:00,true,100,20,60,10,5
DENSE-328,MUG-01,合成样例 · 上午,2026-10-01T10:00:00+08:00,2026-10-01T11:30:00+08:00,true,100,20,60,10,5
DENSE-329,MUG-01,合成样例 · 上午,2026-10-01T10:00:00+08:00,2026-10-01T11:30:00+08:00,true,100,20,60,10,5
DENSE-330,MUG-01,合成样例 · 上午,2026-10-01T10:00:00+08:00,2026-10-01T11:30:00+08:00,true,100,20,60,10,5
DENSE-331,MUG-01,合成样例 · 上午,2026-10-01T10:00:00+08:00,2026-10-01T11:30:00+08:00,true,100,20,60,10,5
DENSE-332,MUG-01,合成样例 · 上午,2026-10-01T10:00:00+08:00,2026-10-01T11:30:00+08:00,true,100,20,60,10,5
DENSE-333,MUG-01,合成样例 · 上午,2026-10-01T10:00:00+08:00,2026-10-01T11:30:00+08:00,true,100,20,60,10,5
DENSE-334,MUG-01,合成样例 · 上午,2026-10-01T10:00:00+08:00,2026-10-01T11:30:00+08:00,true,100,20,60,10,5
DENSE-335,MUG-01,合成样例 · 上午,2026-10-01T10:00:00+08:00,2026-10-01T11:30:00+08:00,true,100,20,60,10,5
DENSE-336,MUG-01,合成样例 · 上午,2026-10-01T10:00:00+08:00,2026-10-01T11:30:00+08:00,true,100,20,60,10,5
DENSE-337,MUG-01,合成样例 · 上午,2026-10-01T10:00:00+08:00,2026-10-01T11:30:00+08:00,true,100,20,60,10,5
DENSE-338,MUG-01,合成样例 · 上午,2026-10-01T10:00:00+08:00,2026-10-01T11:30:00+08:00,true,100,20,60,10,5
DENSE-339,MUG-01,合成样例 · 上午,2026-10-01T10:00:00+08:00,2026-10-01T11:30:00+08:00,true,100,20,60,10,5
DENSE-340,MUG-01,合成样例 · 上午,2026-10-01T10:00:00+08:00,2026-10-01T11:30:00+08:00,true,100,20,60,10,5
DENSE-341,MUG-01,合成样例 · 上午,2026-10-01T10:00:00+08:00,2026-10-01T11:30:00+08:00,true,100,20,60,10,5
DENSE-342,MUG-01,合成样例 · 上午,2026-10-01T10:00:00+08:00,2026-10-01T11:30:00+08:00,true,100,20,60,10,5
DENSE-343,MUG-01,合成样例 · 上午,2026-10-01T10:00:00+08:00,2026-10-01T11:30:00+08:00,true,100,20,60,10,5
DENSE-344,MUG-01,合成样例 · 上午,2026-10-01T10:00:00+08:00,2026-10-01T11:30:00+08:00,true,100,20,60,10,5
DENSE-345,MUG-01,合成样例 · 上午,2026-10-01T10:00:00+08:00,2026-10-01T11:30:00+08:00,true,100,20,60,10,5
DENSE-346,MUG-01,合成样例 · 上午,2026-10-01T10:00:00+08:00,2026-10-01T11:30:00+08:00,true,100,20,60,10,5
DENSE-347,MUG-01,合成样例 · 上午,2026-10-01T10:00:00+08:00,2026-10-01T11:30:00+08:00,true,100,20,60,10,5
DENSE-348,MUG-01,合成样例 · 上午,2026-10-01T10:00:00+08:00,2026-10-01T11:30:00+08:00,true,100,20,60,10,5
DENSE-349,MUG-01,合成样例 · 上午,2026-10-01T10:00:00+08:00,2026-10-01T11:30:00+08:00,true,100,20,60,10,5
DENSE-350,MUG-01,合成样例 · 上午,2026-10-01T10:00:00+08:00,2026-10-01T11:30:00+08:00,true,100,20,60,10,5
DENSE-351,MUG-01,合成样例 · 上午,2026-10-01T10:00:00+08:00,2026-10-01T11:30:00+08:00,true,100,20,60,10,5
DENSE-352,MUG-01,合成样例 · 上午,2026-10-01T10:00:00+08:00,2026-10-01T11:30:00+08:00,true,100,20,60,10,5
DENSE-353,MUG-01,合成样例 · 上午,2026-10-01T10:00:00+08:00,2026-10-01T11:30:00+08:00,true,100,20,60,10,5
DENSE-354,MUG-01,合成样例 · 上午,2026-10-01T10:00:00+08:00,2026-10-01T11:30:00+08:00,true,100,20,60,10,5
DENSE-355,MUG-01,合成样例 · 上午,2026-10-01T10:00:00+08:00,2026-10-01T11:30:00+08:00,true,100,20,60,10,5
DENSE-356,MUG-01,合成样例 · 上午,2026-10-01T10:00:00+08:00,2026-10-01T11:30:00+08:00,true,100,20,60,10,5
DENSE-357,MUG-01,合成样例 · 上午,2026-10-01T10:00:00+08:00,2026-10-01T11:30:00+08:00,true,100,20,60,10,5
DENSE-358,MUG-01,合成样例 · 上午,2026-10-01T10:00:00+08:00,2026-10-01T11:30:00+08:00,true,100,20,60,10,5
DENSE-359,MUG-01,合成样例 · 上午,2026-10-01T10:00:00+08:00,2026-10-01T11:30:00+08:00,true,100,20,60,10,5
DENSE-360,MUG-01,合成样例 · 上午,2026-10-01T10:00:00+08:00,2026-10-01T11:30:00+08:00,true,100,20,60,10,5
DENSE-361,MUG-01,合成样例 · 上午,2026-10-01T10:00:00+08:00,2026-10-01T11:30:00+08:00,true,100,20,60,10,5
DENSE-362,MUG-01,合成样例 · 上午,2026-10-01T10:00:00+08:00,2026-10-01T11:30:00+08:00,true,100,20,60,10,5
DENSE-363,MUG-01,合成样例 · 上午,2026-10-01T10:00:00+08:00,2026-10-01T11:30:00+08:00,true,100,20,60,10,5
DENSE-364,MUG-01,合成样例 · 上午,2026-10-01T10:00:00+08:00,2026-10-01T11:30:00+08:00,true,100,20,60,10,5
DENSE-365,MUG-01,合成样例 · 上午,2026-10-01T10:00:00+08:00,2026-10-01T11:30:00+08:00,true,100,20,60,10,5
DENSE-366,MUG-01,合成样例 · 上午,2026-10-01T10:00:00+08:00,2026-10-01T11:30:00+08:00,true,100,20,60,10,5
DENSE-367,MUG-01,合成样例 · 上午,2026-10-01T10:00:00+08:00,2026-10-01T11:30:00+08:00,true,100,20,60,10,5
DENSE-368,MUG-01,合成样例 · 上午,2026-10-01T10:00:00+08:00,2026-10-01T11:30:00+08:00,true,100,20,60,10,5
DENSE-369,MUG-01,合成样例 · 上午,2026-10-01T10:00:00+08:00,2026-10-01T11:30:00+08:00,true,100,20,60,10,5
DENSE-370,MUG-01,合成样例 · 上午,2026-10-01T10:00:00+08:00,2026-10-01T11:30:00+08:00,true,100,20,60,10,5
DENSE-371,MUG-01,合成样例 · 上午,2026-10-01T10:00:00+08:00,2026-10-01T11:30:00+08:00,true,100,20,60,10,5
DENSE-372,MUG-01,合成样例 · 上午,2026-10-01T10:00:00+08:00,2026-10-01T11:30:00+08:00,true,100,20,60,10,5
DENSE-373,MUG-01,合成样例 · 上午,2026-10-01T10:00:00+08:00,2026-10-01T11:30:00+08:00,true,100,20,60,10,5
DENSE-374,MUG-01,合成样例 · 上午,2026-10-01T10:00:00+08:00,2026-10-01T11:30:00+08:00,true,100,20,60,10,5
DENSE-375,MUG-01,合成样例 · 上午,2026-10-01T10:00:00+08:00,2026-10-01T11:30:00+08:00,true,100,20,60,10,5
DENSE-376,MUG-01,合成样例 · 上午,2026-10-01T10:00:00+08:00,2026-10-01T11:30:00+08:00,true,100,20,60,10,5
DENSE-377,MUG-01,合成样例 · 上午,2026-10-01T10:00:00+08:00,2026-10-01T11:30:00+08:00,true,100,20,60,10,5
DENSE-378,MUG-01,合成样例 · 上午,2026-10-01T10:00:00+08:00,2026-10-01T11:30:00+08:00,true,100,20,60,10,5
DENSE-379,MUG-01,合成样例 · 上午,2026-10-01T10:00:00+08:00,2026-10-01T11:30:00+08:00,true,100,20,60,10,5
DENSE-380,MUG-01,合成样例 · 上午,2026-10-01T10:00:00+08:00,2026-10-01T11:30:00+08:00,true,100,20,60,10,5
DENSE-381,MUG-01,合成样例 · 上午,2026-10-01T10:00:00+08:00,2026-10-01T11:30:00+08:00,true,100,20,60,10,5
DENSE-382,MUG-01,合成样例 · 上午,2026-10-01T10:00:00+08:00,2026-10-01T11:30:00+08:00,true,100,20,60,10,5
DENSE-383,MUG-01,合成样例 · 上午,2026-10-01T10:00:00+08:00,2026-10-01T11:30:00+08:00,true,100,20,60,10,5
DENSE-384,MUG-01,合成样例 · 上午,2026-10-01T10:00:00+08:00,2026-10-01T11:30:00+08:00,true,100,20,60,10,5
DENSE-385,MUG-01,合成样例 · 上午,2026-10-01T10:00:00+08:00,2026-10-01T11:30:00+08:00,true,100,20,60,10,5
DENSE-386,MUG-01,合成样例 · 上午,2026-10-01T10:00:00+08:00,2026-10-01T11:30:00+08:00,true,100,20,60,10,5
DENSE-387,MUG-01,合成样例 · 上午,2026-10-01T10:00:00+08:00,2026-10-01T11:30:00+08:00,true,100,20,60,10,5
DENSE-388,MUG-01,合成样例 · 上午,2026-10-01T10:00:00+08:00,2026-10-01T11:30:00+08:00,true,100,20,60,10,5
DENSE-389,MUG-01,合成样例 · 上午,2026-10-01T10:00:00+08:00,2026-10-01T11:30:00+08:00,true,100,20,60,10,5
DENSE-390,MUG-01,合成样例 · 上午,2026-10-01T10:00:00+08:00,2026-10-01T11:30:00+08:00,true,100,20,60,10,5
DENSE-391,MUG-01,合成样例 · 上午,2026-10-01T10:00:00+08:00,2026-10-01T11:30:00+08:00,true,100,20,60,10,5
DENSE-392,MUG-01,合成样例 · 上午,2026-10-01T10:00:00+08:00,2026-10-01T11:30:00+08:00,true,100,20,60,10,5
DENSE-393,MUG-01,合成样例 · 上午,2026-10-01T10:00:00+08:00,2026-10-01T11:30:00+08:00,true,100,20,60,10,5
DENSE-394,MUG-01,合成样例 · 上午,2026-10-01T10:00:00+08:00,2026-10-01T11:30:00+08:00,true,100,20,60,10,5
DENSE-395,MUG-01,合成样例 · 上午,2026-10-01T10:00:00+08:00,2026-10-01T11:30:00+08:00,true,100,20,60,10,5
DENSE-396,MUG-01,合成样例 · 上午,2026-10-01T10:00:00+08:00,2026-10-01T11:30:00+08:00,true,100,20,60,10,5
DENSE-397,MUG-01,合成样例 · 上午,2026-10-01T10:00:00+08:00,2026-10-01T11:30:00+08:00,true,100,20,60,10,5
DENSE-398,MUG-01,合成样例 · 上午,2026-10-01T10:00:00+08:00,2026-10-01T11:30:00+08:00,true,100,20,60,10,5
DENSE-399,MUG-01,合成样例 · 上午,2026-10-01T10:00:00+08:00,2026-10-01T11:30:00+08:00,true,100,20,60,10,5
DENSE-400,MUG-01,合成样例 · 上午,2026-10-01T10:00:00+08:00,2026-10-01T11:30:00+08:00,true,100,20,60,10,5
DENSE-401,MUG-01,合成样例 · 上午,2026-10-01T10:00:00+08:00,2026-10-01T11:30:00+08:00,true,100,20,60,10,5
DENSE-402,MUG-01,合成样例 · 上午,2026-10-01T10:00:00+08:00,2026-10-01T11:30:00+08:00,true,100,20,60,10,5
DENSE-403,MUG-01,合成样例 · 上午,2026-10-01T10:00:00+08:00,2026-10-01T11:30:00+08:00,true,100,20,60,10,5
DENSE-404,MUG-01,合成样例 · 上午,2026-10-01T10:00:00+08:00,2026-10-01T11:30:00+08:00,true,100,20,60,10,5
DENSE-405,MUG-01,合成样例 · 上午,2026-10-01T10:00:00+08:00,2026-10-01T11:30:00+08:00,true,100,20,60,10,5
DENSE-406,MUG-01,合成样例 · 上午,2026-10-01T10:00:00+08:00,2026-10-01T11:30:00+08:00,true,100,20,60,10,5
DENSE-407,MUG-01,合成样例 · 上午,2026-10-01T10:00:00+08:00,2026-10-01T11:30:00+08:00,true,100,20,60,10,5
DENSE-408,MUG-01,合成样例 · 上午,2026-10-01T10:00:00+08:00,2026-10-01T11:30:00+08:00,true,100,20,60,10,5
DENSE-409,MUG-01,合成样例 · 上午,2026-10-01T10:00:00+08:00,2026-10-01T11:30:00+08:00,true,100,20,60,10,5
DENSE-410,MUG-01,合成样例 · 上午,2026-10-01T10:00:00+08:00,2026-10-01T11:30:00+08:00,true,100,20,60,10,5
DENSE-411,MUG-01,合成样例 · 上午,2026-10-01T10:00:00+08:00,2026-10-01T11:30:00+08:00,true,100,20,60,10,5
DENSE-412,MUG-01,合成样例 · 上午,2026-10-01T10:00:00+08:00,2026-10-01T11:30:00+08:00,true,100,20,60,10,5
DENSE-413,MUG-01,合成样例 · 上午,2026-10-01T10:00:00+08:00,2026-10-01T11:30:00+08:00,true,100,20,60,10,5
DENSE-414,MUG-01,合成样例 · 上午,2026-10-01T10:00:00+08:00,2026-10-01T11:30:00+08:00,true,100,20,60,10,5
DENSE-415,MUG-01,合成样例 · 上午,2026-10-01T10:00:00+08:00,2026-10-01T11:30:00+08:00,true,100,20,60,10,5
DENSE-416,MUG-01,合成样例 · 上午,2026-10-01T10:00:00+08:00,2026-10-01T11:30:00+08:00,true,100,20,60,10,5
DENSE-417,MUG-01,合成样例 · 上午,2026-10-01T10:00:00+08:00,2026-10-01T11:30:00+08:00,true,100,20,60,10,5
DENSE-418,MUG-01,合成样例 · 上午,2026-10-01T10:00:00+08:00,2026-10-01T11:30:00+08:00,true,100,20,60,10,5
DENSE-419,MUG-01,合成样例 · 上午,2026-10-01T10:00:00+08:00,2026-10-01T11:30:00+08:00,true,100,20,60,10,5
DENSE-420,MUG-01,合成样例 · 上午,2026-10-01T10:00:00+08:00,2026-10-01T11:30:00+08:00,true,100,20,60,10,5
DENSE-421,MUG-01,合成样例 · 上午,2026-10-01T10:00:00+08:00,2026-10-01T11:30:00+08:00,true,100,20,60,10,5
DENSE-422,MUG-01,合成样例 · 上午,2026-10-01T10:00:00+08:00,2026-10-01T11:30:00+08:00,true,100,20,60,10,5
DENSE-423,MUG-01,合成样例 · 上午,2026-10-01T10:00:00+08:00,2026-10-01T11:30:00+08:00,true,100,20,60,10,5
DENSE-424,MUG-01,合成样例 · 上午,2026-10-01T10:00:00+08:00,2026-10-01T11:30:00+08:00,true,100,20,60,10,5
DENSE-425,MUG-01,合成样例 · 上午,2026-10-01T10:00:00+08:00,2026-10-01T11:30:00+08:00,true,100,20,60,10,5
DENSE-426,MUG-01,合成样例 · 上午,2026-10-01T10:00:00+08:00,2026-10-01T11:30:00+08:00,true,100,20,60,10,5
DENSE-427,MUG-01,合成样例 · 上午,2026-10-01T10:00:00+08:00,2026-10-01T11:30:00+08:00,true,100,20,60,10,5
DENSE-428,MUG-01,合成样例 · 上午,2026-10-01T10:00:00+08:00,2026-10-01T11:30:00+08:00,true,100,20,60,10,5
DENSE-429,MUG-01,合成样例 · 上午,2026-10-01T10:00:00+08:00,2026-10-01T11:30:00+08:00,true,100,20,60,10,5
DENSE-430,MUG-01,合成样例 · 上午,2026-10-01T10:00:00+08:00,2026-10-01T11:30:00+08:00,true,100,20,60,10,5
DENSE-431,MUG-01,合成样例 · 上午,2026-10-01T10:00:00+08:00,2026-10-01T11:30:00+08:00,true,100,20,60,10,5
DENSE-432,MUG-01,合成样例 · 上午,2026-10-01T10:00:00+08:00,2026-10-01T11:30:00+08:00,true,100,20,60,10,5
DENSE-433,MUG-01,合成样例 · 上午,2026-10-01T10:00:00+08:00,2026-10-01T11:30:00+08:00,true,100,20,60,10,5
DENSE-434,MUG-01,合成样例 · 上午,2026-10-01T10:00:00+08:00,2026-10-01T11:30:00+08:00,true,100,20,60,10,5
DENSE-435,MUG-01,合成样例 · 上午,2026-10-01T10:00:00+08:00,2026-10-01T11:30:00+08:00,true,100,20,60,10,5
DENSE-436,MUG-01,合成样例 · 上午,2026-10-01T10:00:00+08:00,2026-10-01T11:30:00+08:00,true,100,20,60,10,5
DENSE-437,MUG-01,合成样例 · 上午,2026-10-01T10:00:00+08:00,2026-10-01T11:30:00+08:00,true,100,20,60,10,5
DENSE-438,MUG-01,合成样例 · 上午,2026-10-01T10:00:00+08:00,2026-10-01T11:30:00+08:00,true,100,20,60,10,5
DENSE-439,MUG-01,合成样例 · 上午,2026-10-01T10:00:00+08:00,2026-10-01T11:30:00+08:00,true,100,20,60,10,5
DENSE-440,MUG-01,合成样例 · 上午,2026-10-01T10:00:00+08:00,2026-10-01T11:30:00+08:00,true,100,20,60,10,5
DENSE-441,MUG-01,合成样例 · 上午,2026-10-01T10:00:00+08:00,2026-10-01T11:30:00+08:00,true,100,20,60,10,5
DENSE-442,MUG-01,合成样例 · 上午,2026-10-01T10:00:00+08:00,2026-10-01T11:30:00+08:00,true,100,20,60,10,5
DENSE-443,MUG-01,合成样例 · 上午,2026-10-01T10:00:00+08:00,2026-10-01T11:30:00+08:00,true,100,20,60,10,5
DENSE-444,MUG-01,合成样例 · 上午,2026-10-01T10:00:00+08:00,2026-10-01T11:30:00+08:00,true,100,20,60,10,5
DENSE-445,MUG-01,合成样例 · 上午,2026-10-01T10:00:00+08:00,2026-10-01T11:30:00+08:00,true,100,20,60,10,5
DENSE-446,MUG-01,合成样例 · 上午,2026-10-01T10:00:00+08:00,2026-10-01T11:30:00+08:00,true,100,20,60,10,5
DENSE-447,MUG-01,合成样例 · 上午,2026-10-01T10:00:00+08:00,2026-10-01T11:30:00+08:00,true,100,20,60,10,5
DENSE-448,MUG-01,合成样例 · 上午,2026-10-01T10:00:00+08:00,2026-10-01T11:30:00+08:00,true,100,20,60,10,5
DENSE-449,MUG-01,合成样例 · 上午,2026-10-01T10:00:00+08:00,2026-10-01T11:30:00+08:00,true,100,20,60,10,5
DENSE-450,MUG-01,合成样例 · 上午,2026-10-01T10:00:00+08:00,2026-10-01T11:30:00+08:00,true,100,20,60,10,5
DENSE-451,MUG-01,合成样例 · 上午,2026-10-01T10:00:00+08:00,2026-10-01T11:30:00+08:00,true,100,20,60,10,5
DENSE-452,MUG-01,合成样例 · 上午,2026-10-01T10:00:00+08:00,2026-10-01T11:30:00+08:00,true,100,20,60,10,5
DENSE-453,MUG-01,合成样例 · 上午,2026-10-01T10:00:00+08:00,2026-10-01T11:30:00+08:00,true,100,20,60,10,5
DENSE-454,MUG-01,合成样例 · 上午,2026-10-01T10:00:00+08:00,2026-10-01T11:30:00+08:00,true,100,20,60,10,5
DENSE-455,MUG-01,合成样例 · 上午,2026-10-01T10:00:00+08:00,2026-10-01T11:30:00+08:00,true,100,20,60,10,5
DENSE-456,MUG-01,合成样例 · 上午,2026-10-01T10:00:00+08:00,2026-10-01T11:30:00+08:00,true,100,20,60,10,5
DENSE-457,MUG-01,合成样例 · 上午,2026-10-01T10:00:00+08:00,2026-10-01T11:30:00+08:00,true,100,20,60,10,5
DENSE-458,MUG-01,合成样例 · 上午,2026-10-01T10:00:00+08:00,2026-10-01T11:30:00+08:00,true,100,20,60,10,5
DENSE-459,MUG-01,合成样例 · 上午,2026-10-01T10:00:00+08:00,2026-10-01T11:30:00+08:00,true,100,20,60,10,5
DENSE-460,MUG-01,合成样例 · 上午,2026-10-01T10:00:00+08:00,2026-10-01T11:30:00+08:00,true,100,20,60,10,5
DENSE-461,MUG-01,合成样例 · 上午,2026-10-01T10:00:00+08:00,2026-10-01T11:30:00+08:00,true,100,20,60,10,5
DENSE-462,MUG-01,合成样例 · 上午,2026-10-01T10:00:00+08:00,2026-10-01T11:30:00+08:00,true,100,20,60,10,5
DENSE-463,MUG-01,合成样例 · 上午,2026-10-01T10:00:00+08:00,2026-10-01T11:30:00+08:00,true,100,20,60,10,5
DENSE-464,MUG-01,合成样例 · 上午,2026-10-01T10:00:00+08:00,2026-10-01T11:30:00+08:00,true,100,20,60,10,5
DENSE-465,MUG-01,合成样例 · 上午,2026-10-01T10:00:00+08:00,2026-10-01T11:30:00+08:00,true,100,20,60,10,5
DENSE-466,MUG-01,合成样例 · 上午,2026-10-01T10:00:00+08:00,2026-10-01T11:30:00+08:00,true,100,20,60,10,5
DENSE-467,MUG-01,合成样例 · 上午,2026-10-01T10:00:00+08:00,2026-10-01T11:30:00+08:00,true,100,20,60,10,5
DENSE-468,MUG-01,合成样例 · 上午,2026-10-01T10:00:00+08:00,2026-10-01T11:30:00+08:00,true,100,20,60,10,5
DENSE-469,MUG-01,合成样例 · 上午,2026-10-01T10:00:00+08:00,2026-10-01T11:30:00+08:00,true,100,20,60,10,5
DENSE-470,MUG-01,合成样例 · 上午,2026-10-01T10:00:00+08:00,2026-10-01T11:30:00+08:00,true,100,20,60,10,5
DENSE-471,MUG-01,合成样例 · 上午,2026-10-01T10:00:00+08:00,2026-10-01T11:30:00+08:00,true,100,20,60,10,5
DENSE-472,MUG-01,合成样例 · 上午,2026-10-01T10:00:00+08:00,2026-10-01T11:30:00+08:00,true,100,20,60,10,5
DENSE-473,MUG-01,合成样例 · 上午,2026-10-01T10:00:00+08:00,2026-10-01T11:30:00+08:00,true,100,20,60,10,5
DENSE-474,MUG-01,合成样例 · 上午,2026-10-01T10:00:00+08:00,2026-10-01T11:30:00+08:00,true,100,20,60,10,5
DENSE-475,MUG-01,合成样例 · 上午,2026-10-01T10:00:00+08:00,2026-10-01T11:30:00+08:00,true,100,20,60,10,5
DENSE-476,MUG-01,合成样例 · 上午,2026-10-01T10:00:00+08:00,2026-10-01T11:30:00+08:00,true,100,20,60,10,5
DENSE-477,MUG-01,合成样例 · 上午,2026-10-01T10:00:00+08:00,2026-10-01T11:30:00+08:00,true,100,20,60,10,5
DENSE-478,MUG-01,合成样例 · 上午,2026-10-01T10:00:00+08:00,2026-10-01T11:30:00+08:00,true,100,20,60,10,5
DENSE-479,MUG-01,合成样例 · 上午,2026-10-01T10:00:00+08:00,2026-10-01T11:30:00+08:00,true,100,20,60,10,5
DENSE-480,MUG-01,合成样例 · 上午,2026-10-01T10:00:00+08:00,2026-10-01T11:30:00+08:00,true,100,20,60,10,5
DENSE-481,MUG-01,合成样例 · 上午,2026-10-01T10:00:00+08:00,2026-10-01T11:30:00+08:00,true,100,20,60,10,5
DENSE-482,MUG-01,合成样例 · 上午,2026-10-01T10:00:00+08:00,2026-10-01T11:30:00+08:00,true,100,20,60,10,5
DENSE-483,MUG-01,合成样例 · 上午,2026-10-01T10:00:00+08:00,2026-10-01T11:30:00+08:00,true,100,20,60,10,5
DENSE-484,MUG-01,合成样例 · 上午,2026-10-01T10:00:00+08:00,2026-10-01T11:30:00+08:00,true,100,20,60,10,5
DENSE-485,MUG-01,合成样例 · 上午,2026-10-01T10:00:00+08:00,2026-10-01T11:30:00+08:00,true,100,20,60,10,5
DENSE-486,MUG-01,合成样例 · 上午,2026-10-01T10:00:00+08:00,2026-10-01T11:30:00+08:00,true,100,20,60,10,5
DENSE-487,MUG-01,合成样例 · 上午,2026-10-01T10:00:00+08:00,2026-10-01T11:30:00+08:00,true,100,20,60,10,5
DENSE-488,MUG-01,合成样例 · 上午,2026-10-01T10:00:00+08:00,2026-10-01T11:30:00+08:00,true,100,20,60,10,5
DENSE-489,MUG-01,合成样例 · 上午,2026-10-01T10:00:00+08:00,2026-10-01T11:30:00+08:00,true,100,20,60,10,5
DENSE-490,MUG-01,合成样例 · 上午,2026-10-01T10:00:00+08:00,2026-10-01T11:30:00+08:00,true,100,20,60,10,5
DENSE-491,MUG-01,合成样例 · 上午,2026-10-01T10:00:00+08:00,2026-10-01T11:30:00+08:00,true,100,20,60,10,5
DENSE-492,MUG-01,合成样例 · 上午,2026-10-01T10:00:00+08:00,2026-10-01T11:30:00+08:00,true,100,20,60,10,5
DENSE-493,MUG-01,合成样例 · 上午,2026-10-01T10:00:00+08:00,2026-10-01T11:30:00+08:00,true,100,20,60,10,5
DENSE-494,MUG-01,合成样例 · 上午,2026-10-01T10:00:00+08:00,2026-10-01T11:30:00+08:00,true,100,20,60,10,5
DENSE-495,MUG-01,合成样例 · 上午,2026-10-01T10:00:00+08:00,2026-10-01T11:30:00+08:00,true,100,20,60,10,5
DENSE-496,MUG-01,合成样例 · 上午,2026-10-01T10:00:00+08:00,2026-10-01T11:30:00+08:00,true,100,20,60,10,5
DENSE-497,MUG-01,合成样例 · 上午,2026-10-01T10:00:00+08:00,2026-10-01T11:30:00+08:00,true,100,20,60,10,5
DENSE-498,MUG-01,合成样例 · 上午,2026-10-01T10:00:00+08:00,2026-10-01T11:30:00+08:00,true,100,20,60,10,5
DENSE-499,MUG-01,合成样例 · 上午,2026-10-01T10:00:00+08:00,2026-10-01T11:30:00+08:00,true,100,20,60,10,5